userId,Action,Adventure,Animation,Children,Comedy,Crime,Documentary,Drama,Fantasy,Film-Noir,Horror,Musical,Mystery,Romance,Sci-Fi,Thriller,War,Western
0,0,0,0,0,0,0,0,0,0,0,0,0,0,0,0,0,0,0
1,94,87,31,45,92,50,0,71,48,2,17,24,22,26,40,56,22,7
2,11,3,0,0,7,10,3,17,0,0,1,0,2,1,4,10,1,1
3,14,11,4,5,9,2,0,16,4,0,8,1,1,5,15,7,5,0
4,25,29,6,10,104,27,2,120,19,4,4,16,23,58,12,38,7,10
5,9,8,6,9,15,12,0,25,7,0,1,5,1,11,2,9,3,2
6,64,47,14,47,127,35,0,140,26,2,19,12,15,70,21,68,12,11
7,64,54,14,15,49,26,0,57,23,2,5,9,14,30,42,43,12,1
8,12,11,1,4,24,9,0,19,4,0,2,1,3,14,4,16,3,2
9,8,10,1,1,15,7,0,21,2,1,5,1,3,6,8,11,2,1
10,26,31,15,14,79,13,0,72,17,0,2,9,3,78,5,13,4,0
11,46,18,0,0,12,13,0,24,1,0,1,0,3,13,10,32,6,2
12,2,2,1,0,18,1,0,16,4,0,0,0,0,21,3,3,1,0
13,10,6,0,0,11,3,0,16,1,0,5,0,2,6,5,11,2,1
14,12,9,0,2,17,7,0,24,1,0,1,1,2,14,2,13,4,4
15,59,57,22,21,28,19,0,54,16,0,11,5,12,13,59,44,5,2
16,25,20,12,8,25,24,1,48,16,5,5,0,13,13,16,29,11,1
17,39,35,10,7,19,32,1,51,17,2,3,3,10,7,20,27,9,6
18,209,142,31,35,148,138,9,218,52,8,15,12,56,44,110,169,16,11
19,150,157,48,102,378,72,0,151,96,9,112,37,58,134,127,203,9,11
20,47,86,65,111,105,25,2,71,48,1,12,55,16,40,22,37,4,2
21,226,177,58,61,201,73,0,94,63,2,15,15,18,65,106,122,8,4
22,30,26,12,12,39,30,5,73,16,1,6,1,12,22,15,30,6,1
23,27,18,10,3,24,39,2,77,14,11,3,0,22,12,17,38,6,3
24,56,33,2,2,50,23,0,40,15,0,4,1,13,33,25,34,7,0
25,15,14,3,3,2,4,0,12,3,0,0,0,2,1,9,4,4,0
26,10,6,0,1,5,8,0,8,0,0,1,0,1,2,1,14,1,0
27,42,59,22,49,50,7,0,45,22,1,2,13,3,23,32,14,15,10
28,196,119,5,4,96,150,2,357,30,6,27,5,56,41,123,203,51,24
29,31,21,1,2,11,15,2,50,4,1,2,3,7,6,18,21,22,9
30,25,19,5,3,5,7,0,7,4,0,1,0,1,2,17,5,1,0
31,15,15,5,7,22,3,1,15,10,0,2,5,1,16,9,11,1,0
32,30,18,2,6,43,19,1,44,12,0,3,2,8,30,11,33,3,1
33,14,10,6,8,58,26,0,115,6,2,2,6,9,55,7,30,8,1
34,51,26,7,2,37,11,1,24,14,0,9,0,7,20,23,26,5,2
35,4,5,1,2,10,4,0,9,2,0,0,1,1,9,1,4,1,2
36,18,13,0,3,23,17,0,27,3,2,1,1,10,13,5,14,5,1
37,7,8,1,2,8,7,0,8,2,0,1,2,0,2,4,9,1,1
38,19,16,5,8,35,9,1,35,7,0,3,5,3,27,6,18,7,5
39,28,32,24,23,28,25,0,35,16,2,13,16,8,10,21,23,1,1
40,23,23,8,18,41,13,0,50,12,0,3,7,3,22,11,15,3,6
41,39,33,12,9,88,52,2,130,20,2,12,3,20,60,20,56,13,2
42,125,72,5,14,211,71,3,171,22,2,17,7,27,89,44,116,21,12
43,31,34,13,32,44,16,0,42,17,0,5,12,4,25,15,29,3,3
44,22,20,4,3,23,4,0,12,3,0,3,1,1,8,9,17,0,0
45,106,99,31,54,221,51,1,121,45,0,16,27,19,69,75,85,14,3
46,18,13,4,4,12,12,0,15,3,0,2,3,3,6,7,18,3,3
47,8,10,0,3,35,20,7,107,7,0,6,7,8,29,10,22,5,1
48,22,13,4,4,8,2,0,8,5,0,3,2,2,4,18,15,0,0
49,7,4,4,5,5,3,0,10,0,0,2,0,2,1,9,4,4,0
50,81,80,53,42,121,45,14,126,44,2,16,15,20,33,50,57,11,6
51,91,71,17,30,164,52,2,120,40,3,52,14,23,68,62,87,11,9
52,73,39,14,13,35,36,3,64,11,0,6,3,12,18,27,51,12,2
53,4,1,0,0,6,2,0,10,0,1,1,2,1,6,2,3,1,0
54,7,6,3,5,13,8,0,15,3,0,1,2,3,6,4,14,3,1
55,10,4,1,2,9,10,0,12,4,0,0,1,2,5,3,9,2,0
56,24,12,1,2,16,13,0,17,3,0,3,1,2,4,9,21,3,0
57,178,135,33,43,204,69,1,173,50,13,17,28,34,100,95,128,34,19
58,26,17,8,11,47,17,0,49,11,0,3,9,6,30,10,32,5,3
59,34,22,3,3,24,18,2,59,8,6,5,0,18,20,13,40,25,0
60,3,6,2,5,2,6,0,15,2,0,0,2,2,5,0,6,3,0
61,11,5,0,0,5,13,0,18,4,0,5,0,5,4,9,15,3,4
62,167,135,14,24,91,63,0,144,71,1,21,6,43,46,115,115,19,5
63,108,89,33,30,110,56,7,95,38,5,12,10,21,33,58,69,16,1
64,123,103,33,49,215,94,6,237,67,3,55,28,56,106,60,139,27,9
65,15,7,0,0,5,11,0,25,4,0,0,0,6,3,9,12,6,0
66,103,69,16,19,147,58,0,150,40,4,26,6,25,59,47,81,14,10
67,21,14,5,5,17,10,0,13,6,0,0,0,2,4,9,9,3,2
68,400,291,80,107,529,185,33,489,141,3,103,54,82,288,202,332,49,22
69,18,12,0,0,9,7,0,19,1,1,6,0,5,4,17,13,2,4
70,4,8,1,4,18,7,2,51,4,0,1,0,2,14,6,3,5,1
71,21,16,1,5,8,5,0,9,4,0,0,1,2,7,11,15,1,0
72,17,10,0,0,9,8,0,20,0,0,3,0,4,8,10,14,4,1
73,68,62,25,25,124,27,0,71,25,0,5,5,12,37,37,34,5,2
74,14,11,0,0,27,36,1,159,6,4,11,1,16,28,8,49,11,5
75,35,26,5,5,8,10,0,25,9,0,4,3,14,11,29,25,4,2
76,34,29,9,13,39,36,1,52,16,0,15,4,15,11,25,39,9,5
77,19,14,1,1,4,5,0,9,5,0,0,0,4,3,11,8,0,0
78,34,25,2,3,28,12,0,12,3,0,4,1,3,6,19,25,3,1
79,40,20,0,0,14,12,6,23,4,1,6,4,2,6,14,23,6,0
80,77,33,1,3,11,43,0,70,13,1,47,0,36,4,55,118,6,0
81,13,11,2,2,8,7,0,8,1,0,0,2,2,3,6,12,3,0
82,115,74,13,23,113,52,1,48,26,1,14,7,14,34,38,66,7,8
83,41,33,10,9,23,14,1,73,15,0,10,4,12,20,25,28,24,1
84,32,25,2,17,117,33,4,165,16,3,11,17,15,93,14,47,17,8
85,1,1,0,1,6,1,0,30,1,0,0,0,3,6,2,1,3,0
86,31,28,12,11,14,9,0,27,18,0,2,2,6,17,17,18,6,1
87,3,5,3,5,9,0,0,11,5,0,2,1,1,2,7,3,0,0
88,17,7,0,2,12,17,0,33,5,0,3,0,10,3,7,21,4,2
89,57,87,90,99,478,44,4,106,57,0,34,19,15,110,33,21,13,4
90,3,4,1,2,22,5,4,33,2,0,1,3,1,18,4,6,1,0
91,205,137,35,35,201,100,8,201,65,2,95,21,46,74,119,195,21,18
92,4,8,3,8,9,1,0,10,4,0,3,3,1,4,3,3,2,0
93,46,56,4,17,36,8,0,26,19,0,3,1,2,23,22,22,4,4
94,20,18,2,6,22,11,0,21,6,0,2,2,3,10,9,21,4,3
95,59,46,5,5,60,35,2,70,11,3,6,3,12,29,58,46,4,0
96,37,27,2,5,20,14,0,32,8,1,4,2,7,11,16,27,5,1
97,22,14,2,3,9,6,0,12,2,0,1,0,0,5,7,11,4,0
98,28,35,20,20,35,6,0,36,19,0,11,7,5,16,25,16,3,0
99,21,9,1,1,23,14,0,18,0,0,3,1,3,10,6,21,2,3
100,26,17,2,6,85,12,0,74,10,0,5,12,5,79,7,19,6,5
101,15,9,3,2,25,7,0,24,3,0,5,2,5,6,7,14,0,0
102,24,14,2,4,21,14,0,19,0,0,2,2,3,14,6,24,3,5
103,86,112,55,89,156,63,2,174,73,4,15,27,26,55,39,63,12,8
104,52,78,42,56,181,16,0,74,46,1,4,41,8,94,31,27,8,3
105,166,140,108,62,245,133,22,362,86,6,30,14,70,124,94,147,44,7
106,19,25,2,5,6,2,0,9,20,0,2,0,4,1,6,7,0,0
107,11,13,1,3,13,7,0,17,4,0,1,0,1,5,5,9,3,3
108,10,10,2,3,28,5,0,47,2,0,1,1,4,39,13,12,2,1
109,28,18,6,11,50,22,1,64,9,1,5,6,5,24,13,37,6,6
110,15,5,0,2,20,13,1,29,0,0,2,0,4,8,5,15,6,0
111,133,112,61,65,463,85,19,138,73,0,37,28,35,118,51,100,5,4
112,27,21,4,4,14,14,0,25,7,0,2,1,5,9,18,20,5,1
113,8,5,3,8,62,16,0,92,9,2,9,5,20,85,4,32,5,0
114,14,23,5,6,11,3,0,7,13,0,2,1,2,5,10,5,0,0
115,44,35,13,14,51,14,0,26,15,1,20,9,11,10,19,33,7,14
116,30,22,3,5,33,11,0,34,9,0,8,7,5,31,13,22,8,1
117,45,34,14,25,59,25,0,72,18,0,5,13,6,41,16,47,9,5
118,4,3,0,0,6,9,0,15,0,0,1,0,2,2,1,6,2,1
119,98,71,32,26,71,48,4,88,27,1,6,1,11,18,38,67,12,4
120,7,9,2,4,10,2,0,7,3,0,1,3,2,6,4,6,0,0
121,16,10,2,2,20,10,1,26,5,0,2,1,2,17,4,20,5,4
122,102,82,23,19,117,59,2,112,36,1,39,4,27,26,80,89,11,8
123,24,14,3,2,5,19,0,34,5,0,1,0,10,3,16,31,3,1
124,9,12,5,5,20,11,0,23,2,1,3,0,6,7,8,13,2,0
125,114,74,27,19,146,55,1,158,42,3,29,6,25,59,92,93,11,4
126,16,12,3,5,11,10,0,16,3,0,2,3,1,5,6,16,3,1
127,1,1,1,2,9,1,0,12,2,1,1,1,4,4,1,6,1,1
128,10,8,0,0,10,7,0,11,2,3,3,3,9,10,3,10,1,0
129,76,69,22,18,39,14,0,38,30,1,7,9,11,24,43,37,8,0
130,11,11,3,4,10,7,0,13,4,0,1,2,0,3,4,10,2,1
131,21,16,1,0,12,23,1,41,5,1,5,0,10,6,17,28,7,1
132,56,64,32,45,156,58,2,177,57,4,25,27,30,114,41,71,7,3
133,14,7,1,1,9,12,0,14,1,0,2,1,3,4,4,18,3,1
134,17,12,5,5,9,8,0,14,3,0,3,4,2,6,6,12,2,3
135,109,72,7,18,121,51,2,86,44,1,22,9,24,35,57,98,8,3
136,40,23,5,10,43,18,0,38,9,0,9,4,5,18,16,31,6,6
137,33,33,5,8,36,20,6,76,14,5,13,5,11,28,27,29,19,3
138,10,6,3,3,9,3,0,10,3,0,0,0,1,5,3,3,1,0
139,110,82,15,14,49,34,0,57,37,0,22,4,23,16,67,77,11,3
140,178,120,16,47,152,127,3,353,31,5,7,13,44,114,39,184,64,40
141,54,60,24,24,99,30,0,52,30,1,6,8,9,26,31,29,6,2
142,13,9,3,4,9,9,0,18,2,0,1,3,2,6,3,19,3,1
143,9,13,11,11,60,2,1,18,10,0,1,3,2,41,4,3,2,0
144,37,39,13,17,55,19,2,52,18,0,6,8,8,40,14,31,6,4
145,8,11,3,3,8,7,0,9,2,0,0,2,1,3,4,9,1,1
146,5,2,2,7,12,6,0,12,5,0,3,0,5,12,4,11,1,0
147,7,2,1,1,13,3,0,7,1,0,1,1,0,7,2,4,2,1
148,18,31,19,13,14,2,0,14,22,0,0,5,3,13,10,6,2,0
149,35,28,3,5,10,3,0,7,3,0,6,0,2,1,55,18,1,1
150,10,7,0,1,9,4,0,10,2,0,0,1,3,5,3,15,0,0
151,10,15,5,14,38,2,0,14,12,0,7,4,1,9,4,15,0,0
152,17,10,1,1,16,22,4,41,3,1,1,1,8,7,8,25,6,0
153,35,47,16,23,75,15,1,111,25,1,4,9,4,52,23,21,9,2
154,22,21,8,8,8,5,0,7,8,0,0,0,2,3,15,4,2,0
155,20,21,7,10,26,7,0,7,5,0,1,1,0,4,10,7,2,1
156,48,49,11,22,205,70,3,216,32,12,6,20,36,101,25,62,28,6
157,5,6,1,4,13,3,0,9,2,0,0,0,2,2,2,3,1,0
158,7,4,0,1,10,5,1,7,6,0,5,0,1,4,4,10,0,0
159,8,19,13,10,51,6,0,57,13,0,0,5,1,52,6,8,3,0
160,176,117,26,52,120,68,0,154,61,2,60,21,36,54,131,156,18,3
161,4,14,13,15,25,3,2,9,9,0,1,7,1,12,6,3,0,0
162,5,3,1,1,10,9,0,35,1,0,0,1,1,14,1,9,3,2
163,5,2,0,1,12,2,0,10,1,1,2,0,5,7,2,8,0,0
164,32,18,0,2,5,3,0,9,2,0,2,0,0,4,16,13,2,1
165,29,17,2,3,22,17,0,34,4,0,2,1,3,15,10,19,2,3
166,84,53,15,15,52,52,2,84,29,3,14,3,20,28,34,68,11,3
167,52,59,25,32,99,29,0,38,42,1,11,16,5,26,35,31,6,2
168,16,10,3,5,25,25,2,63,5,6,3,2,17,15,4,25,13,5
169,42,54,24,46,145,23,3,103,42,0,6,50,6,81,25,30,10,3
170,18,12,5,10,17,7,0,24,5,0,1,5,1,12,3,19,4,4
171,21,22,8,11,31,18,0,34,15,0,3,8,8,8,10,19,2,5
172,10,10,1,2,9,3,0,9,5,0,6,1,1,1,4,5,3,1
173,8,7,2,4,12,3,0,11,3,0,1,2,0,7,4,6,3,0
174,24,19,2,5,28,9,0,26,5,0,2,2,5,14,11,24,3,4
175,0,0,0,2,9,0,0,15,0,0,1,3,0,9,3,2,0,0
176,18,14,1,1,12,7,0,12,1,0,1,1,1,4,5,16,2,4
177,211,219,101,145,392,124,3,384,150,9,61,75,63,233,104,193,35,13
178,23,18,4,5,24,16,2,38,8,0,3,2,6,19,10,26,8,1
179,26,18,2,4,30,14,0,22,4,0,3,1,4,9,9,29,3,1
180,10,10,1,1,9,2,0,7,7,1,2,0,0,2,8,6,1,0
181,36,17,4,10,50,20,0,50,11,0,4,6,5,27,8,46,6,8
182,265,172,31,29,329,191,15,489,86,11,58,20,81,162,158,288,61,11
183,45,20,0,1,8,9,0,18,1,0,6,1,1,3,15,21,8,4
184,62,38,29,7,27,12,8,42,20,0,5,0,13,6,41,29,6,0
185,3,12,13,15,20,5,0,22,8,0,2,12,3,21,2,7,1,0
186,84,95,16,37,72,17,1,67,44,3,20,17,15,41,88,59,7,4
187,75,56,23,9,68,63,17,140,33,8,32,4,27,29,48,87,16,7
188,2,1,2,4,23,1,0,23,4,3,0,14,9,17,1,9,4,1
189,9,7,2,2,2,9,0,11,5,0,2,0,2,2,2,6,2,0
190,15,18,5,6,24,17,2,36,12,1,0,1,11,18,9,16,4,0
191,15,13,3,5,31,14,4,53,4,1,0,0,7,22,6,21,4,1
192,11,8,0,0,5,5,0,12,1,0,1,0,2,3,4,13,3,3
193,9,14,3,1,9,8,0,22,6,0,2,0,2,7,7,10,2,0
194,7,3,1,1,11,3,0,8,0,1,1,3,1,8,2,4,3,1
195,49,30,3,6,52,42,0,111,9,2,12,3,20,25,17,61,14,4
196,14,12,2,2,2,5,0,16,2,0,2,1,4,0,7,11,3,0
197,16,4,0,0,11,12,0,17,0,0,2,0,2,6,8,14,2,2
198,55,36,4,5,68,40,0,128,11,4,17,1,33,52,63,65,12,4
199,86,42,1,3,128,85,5,209,13,4,13,2,32,86,33,94,42,8
200,109,92,12,25,174,47,1,117,41,3,8,16,13,96,47,68,11,3
201,37,32,5,9,58,12,0,34,15,1,7,3,5,34,36,25,3,2
202,133,94,12,16,108,58,3,227,33,6,11,9,36,80,65,106,31,16
203,20,17,3,4,14,10,0,16,11,0,1,0,3,2,9,16,2,2
204,20,14,14,13,26,23,0,43,12,3,8,0,11,7,11,30,7,1
205,12,14,1,3,4,2,1,11,10,0,0,2,3,4,3,5,4,1
206,7,8,3,4,8,2,0,12,3,0,0,3,3,8,3,9,0,1
207,6,7,0,1,7,1,0,6,3,0,4,0,0,2,3,7,0,1
208,18,8,0,0,5,6,0,10,1,0,3,0,4,3,6,16,3,0
209,17,12,1,1,6,9,0,22,5,0,4,0,6,4,6,12,3,0
210,68,91,23,28,29,6,0,32,39,0,3,0,6,8,82,21,2,0
211,52,34,5,6,20,29,0,35,8,1,2,4,14,8,26,41,7,0
212,108,87,36,30,87,47,0,93,44,1,14,6,19,24,51,55,10,4
213,35,30,7,10,21,8,0,28,18,0,14,1,8,11,16,33,4,0
214,5,6,2,3,8,1,0,9,5,0,0,2,2,8,4,6,0,0
215,21,16,0,1,42,20,1,53,9,1,5,0,9,27,8,18,8,1
216,20,20,18,18,109,22,1,62,17,9,3,21,9,39,10,26,5,3
217,239,174,26,75,302,87,0,167,71,3,25,25,32,74,102,160,29,14
218,8,9,0,0,11,3,0,6,2,1,2,2,4,3,6,6,3,0
219,248,155,40,45,201,123,4,156,65,8,31,14,52,59,118,199,12,5
220,99,87,26,29,75,34,1,59,25,0,5,8,10,22,57,65,7,5
221,52,39,4,7,109,80,13,194,19,18,14,6,40,54,25,65,27,17
222,77,35,8,10,113,67,2,115,10,3,7,5,15,43,28,55,14,4
223,26,23,8,10,25,12,1,30,15,1,6,3,8,17,13,26,2,1
224,7,7,1,3,36,3,0,21,8,0,2,0,1,29,4,4,4,0
225,10,12,2,2,51,6,0,16,8,0,24,2,7,14,10,13,1,0
226,111,126,39,70,283,77,6,163,80,0,36,35,37,88,71,90,11,11
227,29,21,4,3,17,23,4,60,7,1,1,2,9,15,20,30,11,1
228,14,8,2,2,2,4,0,6,1,0,5,0,2,2,11,12,1,0
229,20,13,2,5,28,14,0,28,6,0,2,1,1,13,5,22,3,1
230,56,47,17,24,53,17,0,42,24,0,16,10,8,28,32,40,2,1
231,11,7,0,0,4,7,0,9,1,0,3,0,0,4,9,6,1,0
232,274,200,70,117,375,131,15,327,116,1,80,47,63,153,123,247,32,6
233,46,39,10,11,42,41,2,83,22,1,4,4,16,18,26,43,12,1
234,88,104,40,89,85,22,0,46,47,0,10,20,8,20,43,28,5,8
235,16,15,6,10,26,8,1,29,6,0,1,6,3,18,7,19,4,2
236,3,2,0,0,17,3,0,5,3,0,12,1,3,3,3,7,0,0
237,18,7,1,1,16,14,0,25,3,0,1,0,9,8,11,21,4,0
238,17,5,0,3,6,16,0,24,0,1,2,0,4,4,1,17,6,4
239,126,84,15,17,84,72,4,121,36,2,8,4,25,39,65,100,16,6
240,44,38,10,29,55,12,0,42,20,0,6,8,4,24,21,30,5,5
241,10,7,4,1,18,13,0,65,4,0,3,4,9,20,10,22,6,1
242,10,11,1,2,12,9,0,16,2,0,2,1,2,4,5,16,2,3
243,23,11,3,6,13,9,0,8,5,0,0,3,1,6,4,15,4,0
244,53,26,0,1,19,18,0,44,6,1,5,0,4,15,17,42,15,3
245,0,1,3,3,5,4,6,10,1,0,0,0,1,3,0,4,1,0
246,74,68,31,26,64,24,0,98,51,3,7,5,25,47,48,56,5,5
247,58,63,22,25,35,30,0,67,31,1,3,11,19,22,36,42,8,2
248,33,35,8,7,12,3,1,4,8,0,0,0,2,2,26,9,0,0
249,460,284,73,70,420,192,5,321,126,4,97,22,89,115,238,358,38,16
250,2,4,4,4,7,3,0,16,2,0,1,3,2,7,2,8,1,1
251,6,3,3,3,5,8,2,15,3,0,1,0,2,3,1,9,4,0
252,11,18,19,15,20,1,0,14,14,0,0,4,2,5,7,2,0,0
253,2,4,4,0,17,5,8,30,5,1,0,2,5,9,3,7,1,1
254,41,34,6,8,27,32,4,65,10,2,8,2,19,18,27,52,7,1
255,6,7,5,10,36,5,1,5,2,0,1,5,1,7,4,3,1,3
256,69,62,18,21,70,22,1,55,18,0,8,1,6,30,61,44,4,3
257,9,5,1,1,12,6,0,3,3,0,0,2,1,5,1,4,0,1
258,10,10,5,3,3,4,0,13,6,0,1,0,2,4,9,7,2,0
259,8,12,3,5,14,2,0,12,6,0,0,1,1,9,6,4,0,1
260,16,18,16,7,60,37,13,86,18,2,14,4,15,29,15,34,2,0
261,17,3,1,1,18,19,0,30,4,0,0,1,9,4,12,17,5,1
262,5,4,2,2,24,10,0,34,5,1,2,2,2,20,2,15,0,0
263,45,49,20,22,98,24,6,104,20,2,3,12,10,88,18,27,11,1
264,22,29,10,14,11,1,0,20,12,0,5,9,6,9,19,15,7,0
265,44,35,0,6,33,18,0,106,8,0,12,3,6,26,65,36,10,4
266,68,44,5,8,90,38,2,59,22,1,10,9,9,19,34,52,9,2
267,27,21,0,2,14,4,0,25,6,0,8,1,6,7,25,21,3,1
268,37,19,0,0,52,26,1,67,7,4,3,2,10,21,15,35,8,1
269,11,8,2,5,9,5,0,9,3,0,1,2,2,5,4,14,0,0
270,14,11,2,3,17,6,0,12,5,0,0,2,3,10,5,15,0,0
271,12,10,1,1,8,7,0,20,4,1,8,2,4,5,17,15,1,0
272,18,12,3,3,6,5,0,8,3,0,1,0,1,2,16,9,1,1
273,8,10,6,10,34,8,0,22,6,0,4,5,1,14,6,10,1,1
274,454,295,99,158,550,224,13,407,175,7,266,49,109,132,232,452,34,26
275,37,38,13,15,203,74,15,225,25,9,4,7,25,100,25,63,16,5
276,11,18,6,11,26,0,0,7,7,0,1,3,1,5,8,5,2,0
277,13,12,2,4,14,1,0,3,5,0,0,1,1,3,10,10,0,0
278,1,1,1,1,11,3,0,9,0,0,1,1,3,3,1,3,2,1
279,91,50,4,3,40,47,0,66,14,1,10,2,20,9,52,67,12,4
280,25,28,8,22,116,24,1,91,28,0,3,11,10,80,9,19,6,0
281,4,4,1,2,10,3,0,10,2,0,0,2,1,7,1,4,1,0
282,59,48,15,18,107,61,5,109,24,0,6,10,19,33,26,58,13,3
283,6,4,2,5,27,7,0,12,5,0,2,0,0,10,4,6,2,0
284,38,23,2,5,53,15,0,16,8,0,0,2,2,20,13,26,2,3
285,2,0,0,1,11,7,0,25,0,1,2,1,4,7,0,9,1,1
286,31,22,6,9,40,26,0,53,10,1,10,3,8,23,14,38,5,1
287,26,29,8,15,74,22,2,65,23,1,11,8,12,34,18,27,6,2
288,247,271,75,156,429,120,4,419,124,6,107,55,74,167,188,221,59,38
289,4,1,1,1,11,3,3,10,3,0,2,3,0,6,2,3,4,2
290,32,35,7,11,64,47,5,164,12,10,22,11,27,48,19,55,23,7
291,15,27,7,7,5,2,0,8,16,0,0,0,3,2,9,5,1,0
292,222,174,45,69,151,68,2,144,60,0,17,16,29,48,110,149,15,8
293,7,3,2,3,9,5,0,8,2,1,3,1,1,2,3,8,1,0
294,115,116,15,56,311,76,1,96,51,3,13,17,14,62,58,56,10,10
295,18,8,0,1,5,20,0,23,1,1,2,0,7,4,4,21,1,1
296,11,9,3,1,3,6,1,15,5,0,0,0,3,4,7,7,6,1
297,34,10,0,0,7,27,0,30,1,2,5,0,14,8,8,68,2,0
298,292,214,56,36,508,132,11,334,113,4,46,13,53,162,195,185,20,10
299,13,7,0,1,2,2,0,5,2,0,8,0,2,1,5,8,2,1
300,7,1,0,0,6,8,0,27,1,1,3,0,4,8,5,11,5,1
301,31,29,6,11,39,21,0,55,14,0,4,3,7,30,14,39,6,1
302,12,7,0,0,7,10,0,15,0,0,0,0,4,6,5,16,1,2
303,29,23,0,1,13,2,0,14,1,0,5,0,3,4,39,19,1,0
304,86,64,14,24,76,28,0,86,23,0,10,14,9,55,51,55,14,7
305,283,165,27,35,167,150,0,304,69,4,64,11,66,71,167,249,44,14
306,20,31,36,30,68,8,0,17,18,0,22,6,3,26,9,15,0,2
307,159,153,45,94,518,140,5,341,107,5,138,48,72,181,84,223,17,11
308,35,42,18,25,36,22,2,44,24,0,4,8,8,23,17,28,6,0
309,16,20,1,4,12,18,0,75,9,8,4,1,14,18,7,25,16,5
310,19,13,6,6,38,11,1,24,2,0,1,2,3,15,4,9,7,3
311,10,4,1,1,13,1,0,14,3,0,2,1,1,9,4,4,4,2
312,72,52,0,2,48,30,1,92,16,5,73,5,32,23,87,86,22,3
313,150,108,16,27,101,57,0,89,64,4,66,9,30,35,122,119,11,7
314,50,38,8,13,48,18,0,45,14,0,6,6,8,28,26,38,7,5
315,5,7,1,3,8,1,0,18,3,0,3,5,0,8,5,3,3,5
316,14,9,3,6,25,9,1,14,9,1,9,5,5,7,7,17,0,0
317,53,21,2,2,35,72,6,121,4,5,11,1,24,22,19,81,16,2
318,220,180,91,68,273,136,88,406,111,15,31,28,72,105,156,192,44,10
319,12,14,10,8,10,7,0,20,6,0,0,5,2,10,9,4,3,0
320,16,8,5,3,6,2,1,4,2,0,1,0,1,1,8,3,0,0
321,17,15,3,8,28,8,0,17,7,0,2,3,3,16,9,19,2,0
322,20,19,4,7,45,19,1,52,14,2,4,2,9,22,11,28,5,0
323,29,23,6,11,26,16,0,50,8,0,5,4,6,18,23,25,8,2
324,3,4,0,0,11,5,0,12,2,0,0,1,0,4,2,5,0,1
325,51,50,6,12,107,55,1,124,28,9,26,11,29,39,39,90,8,4
326,35,25,0,0,18,40,4,122,7,2,4,1,17,18,7,53,24,1
327,7,7,4,5,28,14,0,15,3,0,5,1,4,8,2,5,1,1
328,80,92,51,60,98,47,1,87,53,1,12,28,18,35,47,50,12,7
329,2,3,0,0,9,12,0,12,2,2,4,1,3,0,1,7,1,1
330,76,59,14,24,96,44,0,105,37,0,19,14,20,40,59,64,13,4
331,66,58,18,16,57,41,1,72,26,1,12,6,12,25,35,56,9,3
332,112,75,11,12,68,54,1,128,37,4,15,7,19,38,70,79,25,6
333,5,6,1,2,12,2,0,10,1,0,2,0,0,4,2,4,2,1
334,48,59,25,22,65,16,1,56,30,0,10,9,15,40,29,33,5,1
335,10,3,0,0,15,7,0,9,0,0,2,0,1,6,5,8,3,2
336,19,8,4,3,20,18,0,30,5,1,4,2,7,15,3,19,7,1
337,23,14,1,5,22,13,0,35,5,0,2,2,6,14,10,28,3,2
338,12,9,4,3,7,11,2,18,3,0,3,0,5,2,8,11,3,0
339,100,88,17,19,89,66,15,218,34,5,28,3,42,47,69,117,43,6
340,16,11,1,1,4,8,0,12,1,0,1,1,1,2,8,15,3,1
341,16,17,5,8,38,7,0,11,8,0,1,1,1,8,10,10,2,1
342,11,12,3,8,34,8,0,25,5,0,8,0,4,9,9,18,0,1
343,15,15,8,3,13,21,3,30,8,1,4,0,7,7,9,18,2,1
344,31,28,8,7,18,7,0,26,8,1,5,2,10,14,26,19,4,2
345,7,8,0,1,26,2,0,34,3,0,12,2,5,23,9,9,2,0
346,14,6,1,0,36,39,2,119,10,6,24,1,28,28,4,48,5,1
347,17,17,4,6,18,4,0,15,5,0,1,3,4,12,9,16,3,2
348,16,11,0,0,13,21,1,34,5,0,3,1,9,8,4,16,7,1
349,10,7,3,5,13,8,0,20,4,0,2,3,0,11,2,14,4,2
350,15,15,3,4,18,4,0,8,6,0,2,2,2,8,9,16,0,0
351,26,13,4,6,30,35,0,92,11,1,22,3,19,29,16,58,7,0
352,116,88,12,12,65,52,0,126,45,2,38,3,38,35,89,116,12,4
353,34,18,4,8,37,22,1,29,6,0,7,3,5,16,11,32,4,5
354,95,59,9,12,72,44,3,87,14,1,20,5,22,42,57,87,12,3
355,9,10,2,4,14,3,0,6,5,0,0,2,1,7,9,3,1,1
356,65,53,10,10,179,45,0,147,28,2,4,12,13,72,38,51,14,3
357,52,68,32,49,168,54,22,179,55,2,25,41,27,104,38,58,14,8
358,3,6,1,1,16,1,2,26,5,0,2,2,4,29,5,6,2,0
359,21,23,4,9,25,7,0,38,8,0,4,3,4,19,18,22,2,3
360,8,0,0,1,6,6,0,13,1,1,2,0,7,5,4,17,1,0
361,47,28,6,6,44,17,0,33,7,1,7,6,4,16,14,29,7,0
362,40,22,5,4,15,45,0,55,11,3,14,3,18,7,19,48,6,4
363,12,11,1,1,10,5,0,10,3,0,2,0,1,6,6,8,0,0
364,12,10,2,3,3,3,0,5,2,0,0,2,3,2,5,13,0,0
365,93,70,14,21,148,47,2,84,34,0,17,5,18,45,46,51,10,2
366,22,10,2,1,5,10,0,13,4,1,0,0,3,1,7,11,4,0
367,23,29,14,27,106,11,0,80,21,1,9,11,7,57,15,15,3,5
368,254,105,0,4,81,110,0,188,23,6,41,8,47,52,85,230,56,13
369,39,27,4,5,65,24,4,34,9,0,2,12,11,13,27,31,6,1
370,40,27,5,4,37,26,1,32,14,2,5,0,9,18,18,27,1,0
371,15,19,12,5,6,5,0,15,14,1,4,2,5,6,14,11,0,0
372,61,44,12,21,69,45,1,117,18,4,16,12,19,45,29,70,19,7
373,28,21,6,17,32,18,0,43,13,0,5,4,8,20,13,30,5,3
374,15,15,2,2,8,8,0,10,4,0,7,2,1,4,6,16,3,1
375,12,8,3,4,10,6,0,16,2,0,1,2,4,9,6,8,1,0
376,71,49,10,13,41,24,0,41,14,2,7,1,12,22,41,48,9,2
377,29,28,4,12,49,7,3,47,21,1,18,10,8,14,42,18,10,4
378,18,14,6,6,9,18,0,30,8,0,2,1,5,1,7,18,4,1
379,15,9,1,2,13,9,0,17,2,0,1,1,1,7,5,16,4,1
380,605,391,151,163,370,206,4,307,219,3,198,49,102,88,319,459,33,22
381,143,181,70,92,205,43,8,159,114,0,25,33,30,90,95,108,10,5
382,131,120,32,45,112,37,0,68,55,0,17,10,13,55,60,80,12,3
383,3,2,0,0,13,3,0,26,0,0,2,0,4,9,2,6,3,0
384,13,11,2,4,30,13,0,32,3,0,5,0,4,12,9,21,5,3
385,56,49,15,28,67,32,2,90,26,2,7,19,8,39,32,41,13,11
386,38,19,1,3,19,22,0,21,4,0,5,1,7,5,15,35,2,4
387,209,184,48,58,365,197,9,457,108,25,151,43,118,148,130,305,39,23
388,3,16,16,20,23,2,0,1,7,0,0,5,1,6,1,2,0,0
389,14,11,1,1,12,5,0,8,3,0,0,0,3,6,5,15,0,0
390,15,8,7,3,20,11,2,60,10,0,2,3,7,21,12,15,4,1
391,91,70,13,16,122,70,3,205,25,8,20,19,44,82,56,112,22,8
392,6,6,0,0,10,5,0,12,3,0,1,0,0,7,3,5,0,0
393,71,48,2,1,21,32,1,43,16,3,7,1,22,7,49,63,4,0
394,10,8,2,4,8,5,0,8,3,0,0,2,1,4,3,8,2,2
395,24,25,10,24,22,7,0,16,13,0,0,9,2,12,10,12,4,2
396,6,6,8,8,12,7,0,11,5,0,1,2,6,6,2,10,0,0
397,2,1,0,1,12,7,0,12,0,1,0,0,6,6,1,4,1,0
398,7,13,8,5,17,5,3,21,13,0,2,3,6,12,8,7,0,1
399,21,20,6,6,10,7,0,13,7,0,2,0,2,4,11,8,4,0
400,19,14,1,1,7,18,0,22,5,0,2,0,5,2,14,16,1,0
401,16,47,52,47,43,1,0,13,29,0,1,13,1,16,11,2,1,1
402,22,11,2,3,17,11,0,19,2,0,1,3,1,9,6,23,1,0
403,11,7,1,1,11,10,0,18,1,0,1,0,5,6,5,12,4,1
404,19,9,2,3,19,9,0,35,3,0,3,2,2,19,7,20,6,4
405,28,14,3,0,28,37,0,79,14,6,12,1,27,12,26,42,6,3
406,4,2,3,5,10,0,0,7,6,0,3,2,1,5,1,3,0,0
407,15,11,3,3,2,6,0,8,5,0,0,0,1,1,7,8,1,0
408,80,53,1,6,51,30,1,37,28,0,3,3,15,9,33,41,9,1
409,12,9,0,2,82,20,1,53,7,0,10,5,4,20,6,15,6,3
410,4,10,1,2,93,33,2,101,12,10,2,4,15,45,2,22,7,2
411,29,22,4,10,49,17,1,63,9,0,4,4,9,36,10,36,6,6
412,14,14,2,9,54,19,5,35,8,5,6,2,16,26,6,23,1,1
413,21,5,0,0,17,20,0,28,6,0,2,0,1,11,1,12,5,3
414,668,457,124,177,1079,416,62,1309,226,14,132,110,150,509,323,625,124,52
415,25,15,1,2,31,27,1,46,5,5,4,2,13,21,7,29,4,3
416,13,10,3,4,23,11,1,27,7,1,2,1,4,14,10,11,4,1
417,16,15,2,3,10,20,0,42,8,0,5,0,13,9,15,25,3,0
418,23,29,1,5,28,22,1,53,20,2,3,2,13,16,16,28,4,1
419,53,20,3,5,32,32,15,75,7,1,19,3,14,11,26,61,19,0
420,38,35,12,10,60,14,7,60,24,2,18,11,11,23,30,34,14,0
421,4,6,1,4,9,3,0,27,3,0,1,0,2,8,1,5,6,2
422,20,10,1,5,26,11,0,39,5,3,12,1,10,11,13,20,10,6
423,11,5,0,0,6,5,0,10,2,0,1,0,1,2,7,9,3,1
424,20,4,4,2,43,43,0,74,7,4,18,3,39,14,11,65,2,1
425,126,88,18,24,99,65,0,127,29,1,30,8,28,48,65,113,16,3
426,14,31,18,20,41,11,0,39,22,0,0,7,4,27,9,9,1,0
427,27,13,1,2,20,14,2,42,9,0,6,3,10,16,13,29,8,1
428,131,93,25,28,122,39,2,80,39,1,36,9,15,36,84,81,14,4
429,17,12,3,7,21,7,0,29,3,1,1,3,3,22,5,15,3,4
430,15,21,10,10,21,8,0,29,10,0,2,0,7,13,18,11,1,0
431,8,5,0,1,12,2,0,5,2,0,0,0,2,8,3,5,2,1
432,81,62,15,19,47,63,0,146,21,1,21,4,36,59,47,108,17,1
433,8,2,0,0,4,13,0,14,0,0,1,0,5,1,2,12,3,1
434,94,77,21,19,70,51,1,95,31,0,19,5,17,32,60,76,15,2
435,17,9,2,3,9,14,0,22,2,0,0,1,6,4,8,15,0,2
436,26,23,10,28,57,11,0,38,14,0,2,7,2,18,7,25,4,3
437,29,20,0,2,37,25,1,84,4,0,0,0,8,28,12,29,13,2
438,288,161,38,38,266,112,9,221,68,2,16,21,29,140,115,184,25,7
439,11,9,3,3,4,2,1,7,5,0,0,0,0,2,4,4,4,0
440,5,7,2,1,10,1,0,19,3,1,4,0,3,4,18,9,1,1
441,25,19,2,1,20,9,0,9,8,0,5,0,4,2,12,10,2,0
442,3,3,2,2,5,1,0,13,0,0,3,0,2,5,1,5,1,0
443,14,13,1,1,7,9,0,24,7,0,5,0,4,7,12,12,2,0
444,12,4,1,3,13,17,0,20,5,0,2,1,3,8,5,17,4,1
445,22,20,5,5,22,17,0,43,12,0,3,1,7,14,12,25,10,1
446,25,21,5,8,33,12,0,35,8,0,3,5,6,24,13,27,4,3
447,33,18,5,11,27,15,0,33,8,0,4,5,4,16,8,31,4,6
448,622,411,91,135,947,309,19,601,161,3,80,58,99,231,299,446,52,47
449,10,7,0,1,17,12,1,16,3,0,1,0,5,8,5,11,5,1
450,17,8,1,2,14,5,0,26,3,0,7,3,4,7,8,12,3,2
451,12,10,2,3,13,5,0,10,4,0,1,2,2,10,5,17,0,0
452,111,67,3,3,59,39,0,54,13,1,23,3,22,21,63,84,9,1
453,92,58,11,11,158,61,1,118,19,1,14,6,27,63,37,92,17,3
454,5,4,2,0,9,11,0,25,4,1,16,0,14,5,4,22,2,0
455,16,10,4,5,19,11,0,31,5,0,2,4,2,15,6,21,6,3
456,10,10,3,6,19,4,0,13,6,0,2,2,4,10,5,13,0,0
457,23,20,2,3,15,4,0,11,3,0,6,2,5,5,20,12,1,1
458,20,15,4,7,23,8,0,28,5,0,0,5,1,21,6,21,4,2
459,13,15,9,7,5,1,0,9,4,0,0,0,3,1,10,5,1,1
460,26,29,12,14,23,14,0,42,15,0,4,1,11,14,20,23,3,0
461,9,5,0,0,6,6,0,19,1,0,2,0,2,6,5,8,3,1
462,76,57,8,9,145,68,69,237,33,10,25,12,26,57,50,85,30,7
463,18,10,1,1,9,4,1,17,3,0,3,1,1,6,4,7,12,0
464,68,49,4,8,30,31,0,57,13,1,6,2,13,21,37,60,13,4
465,44,23,1,1,15,34,0,56,3,8,8,2,22,17,24,67,22,4
466,60,55,14,17,33,21,0,39,23,0,2,1,10,14,27,37,5,0
467,7,2,1,1,5,1,0,15,0,0,1,1,0,9,2,3,9,1
468,12,11,3,4,11,9,0,14,4,0,1,2,3,4,4,14,3,3
469,148,109,9,17,168,74,1,188,37,13,40,13,41,72,109,134,26,11
470,26,21,4,8,28,17,0,34,9,0,1,4,5,17,8,30,6,2
471,12,11,7,7,14,4,0,12,6,0,1,2,1,7,7,8,5,0
472,4,5,0,0,9,8,0,15,5,0,1,0,3,2,3,6,0,0
473,4,4,2,3,19,4,2,22,8,0,2,0,4,9,5,8,0,0
474,226,264,80,129,769,243,93,1173,142,48,103,134,147,510,151,349,113,48
475,96,102,24,26,45,12,0,21,38,0,3,3,4,10,79,40,4,1
476,14,17,11,19,27,7,0,33,8,0,0,6,3,23,4,19,3,2
477,179,165,80,85,257,59,8,226,104,6,46,20,52,71,181,128,19,8
478,8,8,3,4,8,2,0,8,4,0,1,2,2,5,5,5,1,2
479,25,30,15,24,100,15,1,71,18,0,7,13,8,47,25,24,5,5
480,236,173,39,53,367,137,14,368,98,5,70,27,61,146,113,202,42,16
481,9,3,0,2,6,6,0,15,0,1,2,0,6,6,5,12,1,0
482,57,38,5,9,55,13,0,49,17,0,6,3,9,26,24,37,3,1
483,227,207,96,89,338,99,5,261,138,3,47,48,57,164,151,150,28,10
484,43,31,28,43,158,46,1,88,33,2,24,20,29,61,22,56,4,0
485,11,10,1,1,5,5,0,10,0,0,2,1,0,3,4,11,3,1
486,38,25,1,2,12,17,0,14,6,0,2,1,5,7,13,30,4,2
487,16,17,7,6,23,8,0,23,9,0,4,0,6,15,11,15,3,0
488,10,23,15,17,57,11,2,54,20,2,3,9,6,32,2,7,5,1
489,189,153,37,49,280,87,3,268,96,3,57,34,49,191,99,168,25,10
490,28,30,6,5,52,16,0,57,22,0,3,1,7,33,14,25,3,0
491,6,12,5,7,52,6,0,26,15,0,0,0,2,23,2,1,1,0
492,39,27,5,14,55,14,0,31,10,0,8,4,5,14,15,42,1,0
493,50,19,0,0,10,16,0,22,5,0,7,0,0,5,15,22,4,2
494,17,11,0,0,2,5,0,6,1,0,2,0,0,0,9,4,3,1
495,86,57,8,7,96,57,2,132,23,2,12,5,20,34,42,77,15,1
496,9,12,4,2,6,3,0,15,5,0,1,3,1,11,5,1,1,0
497,13,12,3,4,11,11,0,29,9,0,3,1,7,9,9,14,4,0
498,13,13,2,3,13,6,0,14,0,0,0,2,2,4,4,14,3,1
499,7,7,1,2,7,1,1,10,3,0,5,5,1,1,3,6,0,7
500,8,18,23,19,71,7,0,27,14,0,3,11,2,27,6,8,1,0
501,13,14,4,6,15,11,0,16,2,0,2,2,4,8,5,18,2,0
502,5,6,3,4,15,6,0,17,3,0,5,4,2,6,9,9,1,1
503,14,11,5,6,25,20,1,62,4,0,9,4,10,14,13,28,5,0
504,6,8,3,5,48,18,4,53,10,0,1,2,5,36,2,16,2,1
505,10,2,4,5,11,3,0,10,6,0,16,4,4,2,7,11,0,0
506,3,3,1,1,18,6,1,26,5,0,2,1,3,20,3,5,1,1
507,8,5,1,2,4,4,0,9,1,0,2,1,1,6,3,8,3,2
508,2,7,1,2,16,0,0,11,3,0,2,3,0,5,4,1,1,2
509,124,176,111,128,221,39,1,160,127,2,22,49,24,124,85,59,7,6
510,28,17,1,3,43,24,1,52,9,2,10,1,12,19,11,25,5,3
511,22,18,1,3,8,5,0,30,6,0,4,1,4,5,21,16,3,1
512,19,12,3,5,13,9,0,24,5,0,2,3,5,10,8,21,5,2
513,10,10,1,1,9,3,0,12,4,0,3,1,2,6,7,9,4,3
514,98,75,24,36,145,47,5,132,49,2,88,20,29,47,71,91,10,6
515,14,7,1,1,1,10,0,13,1,0,1,0,4,2,10,8,5,0
516,5,9,1,1,13,5,0,10,3,0,0,0,0,6,4,3,4,1
517,70,118,63,106,176,44,2,175,66,2,10,54,26,100,36,54,25,6
518,7,7,2,2,7,3,0,11,2,0,3,3,3,4,7,7,1,0
519,7,2,0,0,14,11,0,12,0,0,0,0,1,9,1,4,1,0
520,66,65,10,12,92,25,1,52,29,1,14,5,10,23,65,34,6,3
521,10,9,1,3,14,9,0,20,4,0,0,2,5,10,5,16,0,0
522,76,57,11,10,71,47,2,87,21,1,4,7,20,22,52,53,10,2
523,23,29,24,14,21,12,0,39,28,0,4,4,3,18,12,13,4,0
524,70,47,2,5,35,21,0,44,12,1,6,2,6,15,30,45,11,5
525,123,146,84,98,227,43,31,178,80,1,9,62,17,129,79,73,12,2
526,7,9,3,3,25,13,0,45,2,0,1,0,2,13,3,6,3,0
527,43,83,17,39,52,9,1,56,28,1,21,20,11,22,37,32,8,3
528,28,16,4,3,16,26,1,39,4,1,2,0,7,7,7,25,4,0
529,9,11,2,4,12,0,0,2,5,0,0,2,2,3,4,8,0,0
530,8,6,0,1,10,3,0,15,1,0,1,0,1,10,4,13,2,1
531,10,14,0,1,6,2,0,5,4,0,3,1,0,2,5,5,0,1
532,28,8,0,0,4,22,0,27,1,1,6,0,3,5,9,21,5,1
533,12,8,3,3,14,6,0,12,5,0,22,1,5,4,12,13,1,1
534,294,253,84,83,216,60,0,103,112,1,32,22,22,56,164,125,18,7
535,6,2,1,0,18,4,0,11,1,0,2,2,2,9,1,5,0,0
536,10,6,0,0,13,5,0,23,0,0,4,0,2,4,6,14,3,3
537,17,10,0,0,15,18,1,22,8,0,1,0,2,3,6,14,3,1
538,3,12,8,11,21,1,0,12,7,0,0,13,1,12,2,0,1,1
539,12,15,10,12,29,5,0,9,8,0,2,1,0,6,3,1,1,0
540,22,16,1,2,13,9,0,11,7,1,5,1,6,3,12,18,1,0
541,29,23,9,11,37,15,0,31,7,0,5,5,5,19,9,28,3,5
542,27,23,13,16,54,22,1,39,15,0,8,9,10,17,23,34,1,1
543,15,11,7,8,48,13,0,23,7,0,6,3,4,22,11,12,2,1
544,8,6,1,1,6,1,1,8,1,0,1,0,2,4,3,8,0,0
545,8,5,0,3,8,4,0,5,1,0,1,0,3,3,5,9,3,1
546,18,10,1,3,12,6,0,18,2,0,21,2,3,4,17,18,2,0
547,3,0,0,0,5,3,2,12,2,1,0,1,2,6,2,5,3,0
548,12,7,0,0,8,5,1,13,1,0,0,0,1,5,5,4,2,0
549,15,8,0,1,0,7,0,9,3,0,0,0,2,0,7,7,3,0
550,15,14,4,3,6,6,0,12,2,0,0,0,1,3,15,8,3,0
551,78,55,6,5,21,28,1,47,14,1,3,0,12,11,36,54,11,0
552,60,55,13,19,84,26,0,81,26,3,12,14,14,33,33,40,13,4
553,18,7,0,0,21,47,4,51,1,1,0,0,7,11,4,35,1,0
554,11,14,14,19,33,6,0,44,15,0,7,33,3,28,6,11,4,2
555,142,99,8,29,282,62,1,190,43,2,82,11,30,93,132,125,18,11
556,12,26,2,6,3,0,0,7,26,0,2,2,3,4,4,4,0,0
557,14,16,4,3,7,3,0,6,4,0,1,1,1,3,8,6,2,0
558,10,12,3,6,17,10,0,31,13,0,4,2,5,14,3,18,4,0
559,59,41,14,23,61,18,0,42,19,0,5,12,6,26,27,41,5,2
560,154,105,35,22,164,81,11,205,56,2,22,17,43,80,101,129,16,11
561,246,175,35,44,180,87,0,163,73,6,41,10,39,55,142,156,34,6
562,50,37,11,16,83,40,1,114,21,2,56,5,20,54,34,71,8,2
563,13,31,17,34,142,9,0,94,29,0,6,23,3,118,10,11,4,0
564,32,15,1,3,143,24,0,39,6,0,1,1,5,51,9,14,3,1
565,8,6,1,2,14,9,0,10,1,0,0,1,3,7,1,12,2,1
566,23,21,3,4,31,9,0,33,6,0,1,3,3,24,10,22,6,5
567,146,150,74,56,97,31,1,150,66,1,20,10,24,28,119,76,20,6
568,1,4,0,2,11,3,0,15,1,0,1,2,1,4,2,5,3,1
569,11,10,2,2,7,7,0,5,1,0,0,2,1,4,3,11,1,1
570,74,64,8,14,62,30,0,83,26,0,12,2,20,38,53,61,10,1
571,10,6,1,0,19,1,0,11,11,1,104,1,10,4,22,40,0,0
572,32,31,6,6,56,23,0,85,7,2,3,3,14,44,15,28,20,6
573,147,106,24,27,96,60,4,89,38,2,26,9,27,27,72,106,17,3
574,8,8,2,3,8,6,0,9,2,0,1,2,1,3,3,10,2,0
575,3,2,1,1,24,6,1,11,2,0,4,0,1,7,1,7,1,0
576,9,6,2,1,10,2,0,5,5,0,4,0,1,3,7,6,0,0
577,70,59,2,11,35,20,0,84,9,0,11,4,7,24,45,36,23,4
578,3,1,0,1,10,1,0,19,3,0,3,0,1,14,0,6,0,0
579,20,16,18,20,31,5,0,33,8,0,2,13,5,23,11,14,5,0
580,167,119,18,22,100,94,4,203,35,7,31,8,44,62,143,160,22,13
581,7,14,5,6,7,5,0,24,10,0,1,0,3,9,9,8,5,0
582,32,26,8,5,8,8,0,20,10,0,2,0,7,3,24,21,3,1
583,1,9,11,13,45,5,0,14,8,0,3,9,0,25,0,2,1,0
584,29,19,5,10,32,13,0,31,7,0,4,5,5,17,13,29,3,1
585,9,3,2,1,16,32,1,44,1,1,0,0,9,2,4,22,2,0
586,114,117,50,53,63,22,0,50,45,0,5,6,9,21,70,50,9,3
587,24,27,3,9,115,20,0,76,12,2,2,7,9,53,22,19,7,5
588,22,11,1,1,12,20,0,30,1,0,3,1,5,5,6,26,4,2
589,5,6,0,3,10,8,1,26,2,0,1,0,2,7,3,15,3,1
590,242,196,32,70,269,122,2,295,81,22,44,35,68,117,117,200,46,25
591,15,13,5,4,18,3,0,25,2,0,5,1,5,8,11,16,1,1
592,40,29,6,9,38,18,0,25,14,0,6,5,4,14,15,33,3,6
593,28,33,7,12,44,16,0,47,16,1,1,7,5,39,12,16,6,0
594,84,39,5,14,90,22,1,88,19,0,41,8,15,86,35,63,7,1
595,3,3,2,2,7,3,0,10,3,0,0,1,2,6,4,5,0,0
596,193,158,49,46,116,58,2,137,78,2,20,20,37,63,134,93,10,4
597,127,79,9,20,210,75,2,192,34,11,16,17,38,94,40,112,21,8
598,5,8,2,2,9,4,0,8,4,0,1,1,3,11,4,6,0,0
599,758,446,163,166,975,419,52,1010,250,28,196,69,163,367,418,597,84,49
600,132,155,62,115,383,77,12,308,126,4,65,61,40,168,98,138,22,11
601,37,40,21,18,20,17,1,49,19,0,1,0,12,16,20,25,8,1
602,42,29,2,8,40,28,1,68,7,2,3,2,11,25,15,51,7,6
603,153,102,4,16,325,144,28,541,47,23,77,32,78,216,79,194,31,19
604,32,19,7,13,29,19,0,39,12,0,22,4,4,14,17,30,2,2
605,69,106,26,53,89,11,1,59,138,0,15,26,8,59,26,25,9,3
606,151,147,42,49,421,133,5,698,97,8,52,44,91,355,79,199,65,17
607,72,45,6,19,55,27,0,82,21,0,35,5,17,29,36,61,6,2
608,277,181,55,88,355,146,6,280,111,4,97,33,69,106,167,259,19,11
609,11,10,1,2,7,6,2,19,1,0,2,0,0,5,5,14,4,1
610,517,267,66,56,411,273,5,479,151,10,303,14,120,119,251,510,47,33
611,0,0,0,0,0,0,0,0,0,0,0,0,0,0,0,0,0,0
